Datetime,Water Level (m)
2025-12-26 18:00:00,-0.9259794
2025-12-26 19:00:00,-0.99233454
2025-12-26 20:00:00,-0.64610976
2025-12-26 21:00:00,-0.2439454
2025-12-26 22:00:00,0.18676826
2025-12-26 23:00:00,0.57203376
2025-12-27 00:00:00,0.8803181
2025-12-27 01:00:00,0.9665425
2025-12-27 02:00:00,0.7770595
2025-12-27 03:00:00,0.3857431
2025-12-27 04:00:00,-0.07256639
2025-12-27 05:00:00,-0.5784864
2025-12-27 06:00:00,-1.0395031
2025-12-27 07:00:00,-1.3128914
2025-12-27 08:00:00,-1.1195229
2025-12-27 09:00:00,-0.70693624
2025-12-27 10:00:00,-0.269046
2025-12-27 11:00:00,0.16920671
2025-12-27 12:00:00,0.5473295
2025-12-27 13:00:00,0.8358388
2025-12-27 14:00:00,0.8926647
2025-12-27 15:00:00,0.6965404
2025-12-27 16:00:00,0.3103607
2025-12-27 17:00:00,-0.124791525
2025-12-27 18:00:00,-0.5750091
2025-12-27 19:00:00,-0.9429623
2025-12-27 20:00:00,-1.0237134
2025-12-27 21:00:00,-0.6740036
2025-12-27 22:00:00,-0.27895
2025-12-27 23:00:00,0.13335176
2025-12-28 00:00:00,0.49427927
2025-12-28 01:00:00,0.77178854
2025-12-28 02:00:00,0.83627737
2025-12-28 03:00:00,0.64076406
2025-12-28 04:00:00,0.26132503
2025-12-28 05:00:00,-0.1859097
2025-12-28 06:00:00,-0.6761912
2025-12-28 07:00:00,-1.1197923
2025-12-28 08:00:00,-1.3710519
2025-12-28 09:00:00,-1.1972208
2025-12-28 10:00:00,-0.76890403
2025-12-28 11:00:00,-0.28995144
2025-12-28 12:00:00,0.17167905
2025-12-28 13:00:00,0.55289996
2025-12-28 14:00:00,0.8627004
2025-12-28 15:00:00,0.9356973
2025-12-28 16:00:00,0.7554061
2025-12-28 17:00:00,0.38251755
2025-12-28 18:00:00,-0.048963126
2025-12-28 19:00:00,-0.5055805
2025-12-28 20:00:00,-0.87961096
2025-12-28 21:00:00,-1.0496087
2025-12-28 22:00:00,-0.7948864
2025-12-28 23:00:00,-0.43735033
2025-12-29 00:00:00,-0.050811782
2025-12-29 01:00:00,0.2953276
2025-12-29 02:00:00,0.59003115
2025-12-29 03:00:00,0.70208865
2025-12-29 04:00:00,0.5727431
2025-12-29 05:00:00,0.24079245
2025-12-29 06:00:00,-0.18816526
2025-12-29 07:00:00,-0.6623383
2025-12-29 08:00:00,-1.1104628
2025-12-29 09:00:00,-1.3703735
2025-12-29 10:00:00,-1.2118821
2025-12-29 11:00:00,-0.77676386
2025-12-29 12:00:00,-0.30237153
2025-12-29 13:00:00,0.17421402
2025-12-29 14:00:00,0.5661089
2025-12-29 15:00:00,0.89914757
2025-12-29 16:00:00,1.0154028
2025-12-29 17:00:00,0.87836003
2025-12-29 18:00:00,0.52180904
2025-12-29 19:00:00,0.082840815
2025-12-29 20:00:00,-0.38808617
2025-12-29 21:00:00,-0.79501176
2025-12-29 22:00:00,-1.0917819
2025-12-29 23:00:00,-0.96167755
2025-12-30 00:00:00,-0.6179584
2025-12-30 01:00:00,-0.23352894
2025-12-30 02:00:00,0.14006884
2025-12-30 03:00:00,0.43443933
2025-12-30 04:00:00,0.6134271
2025-12-30 05:00:00,0.5573301
2025-12-30 06:00:00,0.27403715
2025-12-30 07:00:00,-0.1259769
2025-12-30 08:00:00,-0.60008365
2025-12-30 09:00:00,-1.0637401
2025-12-30 10:00:00,-1.3736842
2025-12-30 11:00:00,-1.2834398
2025-12-30 12:00:00,-0.8240257
2025-12-30 13:00:00,-0.31502575
2025-12-30 14:00:00,0.19258158
2025-12-30 15:00:00,0.59334224
2025-12-30 16:00:00,0.97538453
2025-12-30 17:00:00,1.1380188
2025-12-30 18:00:00,1.022217
2025-12-30 19:00:00,0.66948843
2025-12-30 20:00:00,0.20873304
2025-12-30 21:00:00,-0.28578186
2025-12-30 22:00:00,-0.7621994
2025-12-30 23:00:00,-1.1400194
2025-12-31 00:00:00,-1.1521399
2025-12-31 01:00:00,-0.77999026
2025-12-31 02:00:00,-0.3760239
2025-12-31 03:00:00,0.028048525
2025-12-31 04:00:00,0.359883
2025-12-31 05:00:00,0.6024394
2025-12-31 06:00:00,0.61839455
2025-12-31 07:00:00,0.36721912
2025-12-31 08:00:00,-0.012950013
2025-12-31 09:00:00,-0.514875
2025-12-31 10:00:00,-1.0128797
2025-12-31 11:00:00,-1.3711312
2025-12-31 12:00:00,-1.3558873
2025-12-31 13:00:00,-0.8540184
2025-12-31 14:00:00,-0.3163429
2025-12-31 15:00:00,0.2096195
2025-12-31 16:00:00,0.65510833
2025-12-31 17:00:00,1.0444146
2025-12-31 18:00:00,1.2292547
2025-12-31 19:00:00,1.1194768
2025-12-31 20:00:00,0.7502892
2025-12-31 21:00:00,0.25999454
2025-12-31 22:00:00,-0.27029744
2025-12-31 23:00:00,-0.7792603
2026-01-01 00:00:00,-1.1977828
2026-01-01 01:00:00,-1.2919855
2026-01-01 02:00:00,-0.8710698
2026-01-01 03:00:00,-0.4125322
2026-01-01 04:00:00,0.026496533
2026-01-01 05:00:00,0.38236064
2026-01-01 06:00:00,0.6537932
2026-01-01 07:00:00,0.6903856
2026-01-01 08:00:00,0.43640125
2026-01-01 09:00:00,0.03478957
2026-01-01 10:00:00,-0.47479174
2026-01-01 11:00:00,-0.98137176
2026-01-01 12:00:00,-1.3938768
2026-01-01 13:00:00,-1.3939452
2026-01-01 14:00:00,-0.8286445
2026-01-01 15:00:00,-0.25969324
2026-01-01 16:00:00,0.29241064
2026-01-01 17:00:00,0.76189387
2026-01-01 18:00:00,1.1710576
